train_accs,test_accs,runtime,numparams
0.10002,0.1,2.1204354643821715,183348.0
0.1,0.1,,
0.1,0.1,,
0.0,0.0,,
0.0,0.0,,
0.0,0.0,,
0.0,0.0,,
0.0,0.0,,
0.0,0.0,,
0.0,0.0,,
0.0,0.0,,
0.0,0.0,,
0.0,0.0,,
0.0,0.0,,
0.0,0.0,,
0.0,0.0,,
0.0,0.0,,
0.0,0.0,,
0.0,0.0,,
0.0,0.0,,
