train_accs,test_accs,runtime,numparams
0.09978,0.1,3.124857795238495,271884.0
0.1,0.1,,
0.1,0.1,,
0.0,0.0,,
0.0,0.0,,
0.0,0.0,,
0.0,0.0,,
0.0,0.0,,
0.0,0.0,,
0.0,0.0,,
0.0,0.0,,
0.0,0.0,,
0.0,0.0,,
0.0,0.0,,
0.0,0.0,,
0.0,0.0,,
0.0,0.0,,
0.0,0.0,,
0.0,0.0,,
0.0,0.0,,
