train_accs,test_accs,runtime,numparams
0.09998,0.1,0.7945147037506104,672960.0
0.1,0.1,,
0.1,0.1,,
0.0,0.0,,
0.0,0.0,,
0.0,0.0,,
0.0,0.0,,
0.0,0.0,,
0.0,0.0,,
0.0,0.0,,
0.0,0.0,,
0.0,0.0,,
0.0,0.0,,
0.0,0.0,,
0.0,0.0,,
0.0,0.0,,
0.0,0.0,,
0.0,0.0,,
0.0,0.0,,
0.0,0.0,,
