train_accs,test_accs,runtime,numparams
0.10002,0.1,1.9106850385665894,182340.0
0.1,0.1,,
0.1,0.1,,
0.0,0.0,,
0.0,0.0,,
0.0,0.0,,
0.0,0.0,,
0.0,0.0,,
0.0,0.0,,
0.0,0.0,,
0.0,0.0,,
0.0,0.0,,
0.0,0.0,,
0.0,0.0,,
0.0,0.0,,
0.0,0.0,,
0.0,0.0,,
0.0,0.0,,
0.0,0.0,,
0.0,0.0,,
