train_accs,test_accs,runtime,numparams
0.09998,0.1,1.0995439291000366,1003560.0
0.1,0.1,,
0.1,0.1,,
0.0,0.0,,
0.0,0.0,,
0.0,0.0,,
0.0,0.0,,
0.0,0.0,,
0.0,0.0,,
0.0,0.0,,
0.0,0.0,,
0.0,0.0,,
0.0,0.0,,
0.0,0.0,,
0.0,0.0,,
0.0,0.0,,
0.0,0.0,,
0.0,0.0,,
0.0,0.0,,
0.0,0.0,,
